text,true_emotion,predicted_emotion
I think @Sam_Canaday &amp; @KYLEJDOWSON must actually have to be working like me &amp; @dowson_brady because I havent got any snap chat videos today,anger,sadness
"@HomeSwapperteam  Spent months arranging swap , new jobs etc, now I've found out she's been leading me on a merry dance. #fuming with her",anger,anger
"You're so thirsty for the chance to disagree w/ the left, that you don't even realize when something is an affront to your bigoted platform.",anger,anger
Everybody talking about 'the first day of fall' but summer '16 is never gonna die #revenge @Drake,anger,joy
"Is it me, or is Ding wearing the look of a man who's just found his arch enemy in bed with his missus? #angryman #scowl",anger,anger
S/O to the girl that just hit my car...not only did she get lucky w/ no scratch but also from being spared the wrath of sleep deprived KaitüôÉ,anger,anger
@IllinoisLoyalty that Rutgers game was an abomination. An affront to God and man. We must never speak of it again.,anger,anger
Sometimes I get mad over something so minuscule I try to ruin somebodies life not like lose your job like get you into federal prison ,anger,anger
"[ @HedgehogDylan ] *she would frown a bit, folding her arms* 'why is it that every time I'm in need of assistance someone expects a lil **",anger,anger
"@marcavis @AntisocialJW2 I've always been fiery, but never radical.",anger,anger
@__NETFLIXNCHILL I fuck with madden way harder,anger,joy
My eyes have been dilated. I hate the world right now with the rage of a thousand fiery dragons. I need a drink.,anger,anger
"@reluctantnicko Don't ask, you don't get. Apologies if I've offended you. All due respect Alan, I think you've been fed duff info.",anger,anger
"@DxfyingGrxvity - frustration, looking up at Elphaba in a frown of aggravation. Her high pitched voice was growing more and more --",anger,anger
"Why to have vanity sizes?Now sizes S,XS(evenXXS sometimes) are too big, WTF?! Dear corporate jerks, Lithuania didn't need this. #rant #angry",anger,anger
"I miss my gran singing Rawhide, in her deep baritone growl.",anger,sadness
@Jen_ny69 People will always get offended everyone's situation is different! Just because we have kids doesn't mean we have to settle,anger,joy
@TrueAggieFan oh so that's where Brian was! Where was my invite? ,anger,anger
"Note to self ~ Stop laughing at things that offend you, it's ok to get mad at people \n#NoteToSelf #offended #mad #upset",anger,anger
"(Sam) Brown's Law: Never offend people with style when you can fake that, you have to break us in this Island.",anger,anger
Bout ta get my @dontbreathe on up in here! @WarrenTheaters #nervous #icantholdmybreaththatlong,fear,fear
Whatt a trailerrrr !!! @karanjohar @AnushkaSharma #RanbirKapoor #AishwaryaRaiBachchan i am COMPLETELY BLOWN !!  #longingformore,fear,joy
@ChrissyCostanza and have social anxiety. There is many awkward things wrong with me. üòÑ,fear,joy
I know this is going to be one of those nights where it takes an Act of God to fall asleep. ,fear,sadness
About 7 weeks till I can pick up my camera again. Though I think there is a group cemetery shoot in october I can make! #photography #horror,fear,joy
When you're scared to press send #bgoodthepoet #PrayForMe #ThisIsAGodDream #career #help  #heart #HeartRacing,fear,fear
When you're scared to press send #bgoodthepoet #PrayForMe #ThisIsAGodDream #career #help #fear #heart #HeartRacing,fear,fear
@mikefreemanNFL \nIsn't OBrien supposed to be some sort of offensive genius ,fear,anger
@SAHARTHERAPPER I unfollowed without hesitation &lt;3,fear,joy
"At school, my classmate is with me at music class and he sang Hallelujah like, god, with my friend we were breathless.",fear,joy
That's an awful miss from Rooney.,fear,sadness
"Gahh...BT, in queue for 30 minutes.. Now put through to BT Sport dept to cancel... back in a queue again... #shocking",fear,anger
"He called me fat, so I pushed him into the lockers then he threaten to sue me' üòÇ",fear,joy
"@AlaskaGurus @adventuretweets agreed! üòç an awe to meet such beautiful, powerful animals.",fear,joy
@CNNPolitics I can't wait to hear what he had to say about the brilliant Dr. Hawking... it should be rich... In the poorest of taste! ,fear,anger
"The 2nd step to beating #anxiety or #depression is realising that it's not about waiting for ...., Take action yourself now.",fear,anger
It really is amazing the money they give to some of these QB's #nfl #texans #brock #terrible,fear,anger
"Gahh...BT, in queue for 30 minutes.. Now put through to BT Sport dept to cancel... back in a queue again... ",fear,anger
Why upping rooms makes a few apprehend leaving out charcoal ownership: UnZU,fear,fear
Watching It Follows.  This is a super freaky movie.  #scary,fear,fear
"It's #HobbitDay! \nHobbit's give gifts on their birthdays, so I'm sharing the gift of #glee today! Find something that makes you happy!",joy,joy
Dolores.' A thin lipped smile graced glossed lips as she let blues peer over at the woman. ' A constant delight.. As always.',joy,joy
Each day is what you make of it! #goals #challenges #business #goals   #success #photographer #photography #ThursdayThoughts,joy,joy
"Our tone of voice: we're like One Direction, we're thoughtful and timid, yet playful",joy,joy
@chencouture LMAO Is it that 'so slutty' hater girl? That video was hilarious. üòÇ,joy,joy
"...at your age, the heyday in the blood is tame...' @TheArtofCharm #shakespeareaninsults #hamlet #elizabethan #williamshakespeare",joy,anger
@harrietemmett great minds think alike. ,joy,joy
I love my family so much #lucky #grateful #smartassfamily  #love,joy,joy
"it gets better. without explanation; you just wake up one morning and you‚Äôre just happy, totally and utterly elated.",joy,joy
"TheNiceBot: IndyMN I thought the holidays could not get any more cheerful, and then I met you. #TheNiceBot #ÿßŸÑÿÆŸÅÿ¨Ÿä",joy,joy
@r0Ils ppl get triggered over u smiling they're irrelevant,joy,joy
Google caffeine-an sprightly lengthening into the corridor re seo: WgJ,joy,joy
@tomderivan73 üòÅ...I'll just people watch and enjoy a rare show of optimism,joy,joy
@harrietemmett great minds think alike. #rejoice,joy,joy
@MacDsmash you should get some @SSB_Swedish delight,joy,joy
A hearty Jonza! to all my friends and follower.,joy,joy
The smell of freshly cut grass didn't even cheer me up...boy oh boy,joy,sadness
Nawaz Sharif is getting more funnier than @kapilsharmak9 day by day.  #challenge #kashmir #baloch,joy,joy
"A cheerful heart is good medicine, but a broken spirit saps a person's strength.' {Proverbs 17:22} #WednesdayWisdom",joy,joy
"@Casper10666 I assure you there is no laughter, but increasing anger at the costs, and arrogance of Westminster.",joy,anger
"@GolfStrat out of Rory starts. What would your B group look like w/o him? Hideki and Walker, and throw Reed or Knox on the pine?",sadness,anger
SOBRIETY¬Æ   trying to make being sober fashionable‚Ä¶.can it be done ? #zeroalcohol #soberoctober #clubsoda #nomorehangovers #sober,sadness,joy
My life went from happy to unhappy..,sadness,sadness
This shit hurting my heart üò™ that's how serious it is .,sadness,sadness
"A pessimist is someone who, when opportunity knocks, complains about the noise #mikeshumor",sadness,joy
"@KeithOlbermann depressing how despicable Trump, with no policies, campaigning on bigotry &amp; rancour can be so close, evil immoral disaster",sadness,anger
A .500 season is all I'm looking for at this point. #depressing #royals,sadness,sadness
you are on an endless journey of figuring yourself out; don't be discouraged when you don't know who you are yet.,sadness,joy
Season 3 and Charlie is still a prick! #lost,sadness,anger
Public products: high downhearted price tag consumer survey sum and substance: OVth,sadness,sadness
@xOffWithMyHeadx They've officially said all the episodes left (so future 12 and despair 11 and 12) will be delayed.,sadness,sadness
If Angelina Jolie can't keep a man no one can. Today we mourn because Love is dead,sadness,sadness
"Hello my dear friends, I will be back online this Friday night. I miss you! #sober #sobriety #recovery",sadness,joy
"Donating to Trump puts a damper on a very exciting @Cubs season. Really bad look, Ricketts family.",sadness,anger
yesterday i finished watching penny dreadful and from all the beautiful things i saw one question remains: were the writers HIM's fans?,sadness,joy
I feel like an appendix. I don't have a purpose.  #depressed  #alone #lonely #broken  #cry #hurt #crying #life,sadness,sadness
"@StaceyDavidson_ You're a thief and a liberal mope, investigated by the financial services board for theft of govt retirement funds. THIEF",sadness,anger
@OHSOVICTORIOUS_ @FaZeAdapt We all seen it coming.. it's sad. But her Instagram comments on her pics are funny. Adapts fans blew it up üòÇüòÇüòÇ,sadness,joy
Wow just watched Me Before You and it was seriously one of the most depressing movies of my life,sadness,sadness
@Barcabhoy1 Of course not. Didn't sink his studs into a knee like Forrester,sadness,anger
